來源,刊登/更新日,職缺名稱,公司,薪資範圍,地區,地址,工作經歷,學歷,技能/工具,職務類別,Job Description,連結
104人力銀行,2026-05-29,資深程式開發人員,第一銀行_第一商業銀行股份有限公司,未公開 / 面議,台北市大同區,台北市大同區,2年以上,大學以上,,其他資訊專業人員、軟體工程師、系統工程師,【工作內容】資訊系統規劃、建置、管理、異常排除。 【學歷與資格條件】 1.國內、外大學已取得學士(含)以上學位(畢業)證書。 2.具有二年以上程式開發經驗。 3.需具備有良好的學習能力和溝通能力，能夠主動快速學習新技術，良好的系統設計能力及問題解決能力。 【其他條件】 ※必要條件： 1.至少須符合下列任一項條件，並具二年以上系統開發工作經驗者： (1)具COBOL、ASSEMBLY、JAVA、C#、.NET、ASP.Net、VB.Net、Lotus Notes程式開發經驗。 (2)具Spring Boot、JSF、JSP、JavaScript、HTML、Node.js、PHP、Python、Shell Script程式開發經驗。 (3)具Oracle、MSSQL、DB2資料庫程式開發經驗。 (4)具LINUX、AIX系統開發經驗。 (5)具Android平台開發經驗。 (6)熟悉AWS、Azure、GCP雲端平台。 (7)熟悉Dynatrace、NagiosXI、Elasticsearch、Logstash、Kibana、Grafana工具。 2.能配合於假日、夜間來行處理業務需求者。 ※加分條件： 1.熟悉IBM大型主機、Windows、Linux、AIX作業系統操作及管理。 2.具開放式伺服器系統管理規劃及維護經驗、VM安裝建置經驗、IBM WebSphere平台管理經驗、IMS管理經驗。 3.具雲端環境與應用管理經驗或開發經驗、中台或微服務開發經驗。 4.具Dynatrace、NagiosXI、Elasticsearch、Logstash、Kibana、Grafana應用及開發經驗。 5.具存款、授信、防制洗錢、信託、外匯等相關金融業務經驗，或銀行帳務、財金系統開發經驗。 6.取得相當於全民英檢中高級以上英語檢定證明(TOEIC 750分以上、IELTS 5.5分以上、TOEFL iBT 71分以上等)。,https://www.104.com.tw/job/7pge2
104人力銀行,2026-05-31,AI系統開發工程師（Java/Spring Boot／前端),睿傳數據股份有限公司,未公開 / 面議,新北市新店區,新北市新店區 復興路43號10樓,3年以上,大學以上,Java、JavaScript,軟體工程師,1.運用最新 AI 工具（如 GitHub Copilot、Claude Code、Gemini CLI 等），根據業務需求規格書，設計並開發高效能系統，提升自動化與智能化水準。 2.維護並優化現有應用系統，快速回應使用者需求變更，主動追蹤並解決技術問題，確保系統穩定運行。 3.審視與重構軟體架構，提升系統品質、開發效能及可維護性，推動技術債務清償。 4.引領團隊導入創新技術與解決方案，以創新思維突破技術瓶頸，提升團隊整體競爭力。,https://www.104.com.tw/job/786yt
104人力銀行,2026-05-31,資深後端工程師,唯瀚資訊股份有限公司,"月薪 NT$100,000 以上",台北市中正區,台北市中正區,5年以上,大學、碩士,Git、Github、Java、PostgreSQL,後端工程師,⭐️ 團隊介紹： 電商市場瞬息萬變，但大多數品牌仍被笨重的系統拖著跑。我們想改變這件事。 我們是一支剛起步、充滿幹勁的 SaaS 新創團隊，正在從零打造一套真正為電商而生的整合平台——涵蓋「電商前後台管理系統」與「倉儲管理系統（WMS）」，讓品牌從接單、庫存到出貨，全程順暢無縫。 我們相信：現在加入，就是在決定這個產品長什麼樣子。你的每一個技術決策、每一行程式碼，都會直接影響產品走向與客戶體驗——而不是淹沒在龐大組織的層層審核裡。 我們也是一支認真擁抱 AI 工具的團隊。我們不只「允許」使用 AI，而是積極把它內建進開發流程，讓每位工程師都能把時間花在真正有價值的事上。如果你也厭倦了重複性工作，想用更聰明的方式開發——你會在這裡找到志同道合的夥伴。 ⭐️ 您將成為後端核心開發成員，參與以下工作： 1. 負責電商前後台（訂單、商品、會員、金流、物流）及 WMS（庫存、揀貨、出入庫）後端系統設計與開發 2. 串接第三方金流及第三方物流 API，確保交易與出貨流程穩定可靠 3. 設計並維護 RESTful API / GraphQL，確保高可用性與高效能 4. 規劃微服務架構，評估技術選型，優化系統效能與穩定性 5. 撰寫單元測試、整合測試，維護程式碼品質與 CI/CD 流程 6. 善用 AI 工具（如 GitHub Copilot、Cursor、OpenAI Codex、Claude Code 等）提升開發效率與程式碼品質 7. 參與技術架構討論，提出改善方案 8. 跨部門協作，與產品、前端及 QA 團隊共同推動功能落地 ⭐️ 我們期待的您： 1. Java 後端開發經驗 5 年以上，熟悉 Spring Boot / Spring Cloud 生態系 2. 熟悉 PostgreSQL，具備資料庫效能調優及索引設計能力 3. 具備 RESTful API 設計與版本管理經驗 4. 熟悉 Docker 容器化技術與 Kubernetes 基本操作 5. 了解 Git Flow 版本控制與 CI/CD 流程（Jenkins / GitLab CI / GitHub Actions,https://www.104.com.tw/job/901nl
104人力銀行,2026-05-31,T－Java SD / PG 工程師（雙北／新竹／台中／台南／高雄）,緯創軟體股份有限公司,未公開 / 面議,新北市汐止區,新北市汐止區 (大台北地區),不拘,專科以上,Spring、J2EE、JavaScript,系統分析師、軟體工程師、Internet程式設計師,"【WITS緯創軟體（4953）】 WITS 是台灣唯一專注於全球交付的資訊服務上櫃公司，隨著業績持續成長與海外專案拓展，我們正在尋找各產業背景的【軟體工程師／系統開發人員】，共同加入我們國際化的開發團隊。專案眾多，將根據您產業經驗、技術程度、專長類別、與期待工作地點，於面試時詳談工作內容與機會，錄取後即為緯創軟體正職人員。 歡迎來自各產業【金融、電信、醫療、製造、零售等】，只要具備軟體開發實務經驗，WITS 邀請您的加入！ 【主要產業】 銀行／保險／證券／半導體／面板／電子／通訊業...等 【應徵條件】 1. 熟悉 Java, Spring MVC, Spring boot （任一技術者） 2. 擅長 JSP, Java script, HTML, SQL 3. 1年以上軟體相關經驗者 【工作地點】（擇一） 雙北、新竹科學園區、台中（台中市／台中科學園區）、台南科學園區、高雄市等 【薪資】 面議（依經驗與能力核薪）",https://www.104.com.tw/job/69z7s
104人力銀行,2026-05-31,【Fluv毛小愛】資深全端軟體工程師 Senior Full-Stack Engineer,可艾創意科技股份有限公司,"月薪 NT$80,000 ~ 100,000",台北市松山區,台北市松山區 富錦街8號2樓之3,3年以上,高中以上,JavaScript、ReactNative,軟體工程師、全端工程師,"公司與產品資訊請見 [官網](https://www.fluv.com)。 【工作內容】 - 開發 App 與 Web - 需要串接後端資料庫與儲存空間等基礎設施，但無需管理伺服器 【基本條件】 - 深厚資訊科學基礎 - 善於團隊合作 - 重視軟體品質 - 擅於溝通 【基本技術條件 (必備)】 - 具有 React / React Native 或 Native iOS / Android 任一種開發經驗 - 精通以下至少一種程式語言：Javascript、Java、Python、Golang、Kotlin、Swift - 任一整合 API 經驗 - 基本版本控管概念 (Git) 【次要技術條件 (有經驗者大加分)】 - 具有開發多人使用之大型服務經驗 - 熟悉其他腳本語言，例如 Python, Shell Script - 熟悉軟體開發流程 - 熟悉 Firebase 或相似的平台 【福利與環境】 - 免費的零食與飲料 - 開放式管理風格與舒適工作環境 - 寵物友善工作空間（歡迎吸貓吸狗/陪伴自家毛孩） - 工程師配有Mac book M系列晶片 - 彈性上班時間",https://www.104.com.tw/job/8os6u
104人力銀行,2026-05-31,JAVA後端開發工程師 - Java Developer -BT,博思顧問有限公司,"年薪 NT$800,000 ~ 1,500,000",台北市南港區,台北市南港區 市民大道7段8號12樓,3年以上,專科、大學、碩士,Java、AWS、PostgreSQL、Jenkins、Socket、MySQL,後端工程師、軟體工程師,【職位簡介】 我們是間新創的軟體開發公司，致力於打造創新產品與沉浸式數位體驗，服務全球用戶。 我們正在尋找一位細心且邏輯思維強的【JAVA後端開發工程師】，開發並提供高效能的線上互動系統，能依照客戶品牌與使用需求打造專屬解決方案，確保每一項產品在推出前達到穩定、可靠且高品質的標準。 【主要職責】 一、後端系統設計與開發 - 使用 Spring Boot 設計與開發可擴充的後端服務，支援多人即時互動。 - 實作並維護基於 Socket.IO / WebSocket 的即時通訊系統，確保低延遲與高穩定性。 - 建立並優化 資料模型（Data Models），整合 SQL 與 NoSQL 資料庫，確保效能與資料一致性。 二、分散式系統與效能優化 - 設計與運行 低延遲、高可用性與容錯性 的分散式服務架構。 - 使用 Docker 進行容器化部署，並在 AWS（ECS、EKS、EC2、RDS、ElastiCache） 上管理與監控服務。 - 進行多執行緒與非同步處理優化，確保系統能在高併發情境下穩定運行。 三、跨部門協作與開發流程 - 與設計師、前端開發、DevOps 與 QA 團隊緊密合作，在 Agile/Scrum 環境中快速交付高品質產品。 - 協助建立與維護 CI/CD 自動化部署流程，確保開發效率與系統穩定性。 - 對雲端環境與系統監控（CloudWatch、Grafana 等）持續優化與改進。 【任職資格】 - 精通 Java 17，具備使用 Spring Boot 架構開發服務端應用的實務經驗。 - 熟悉 Socket.IO 或其他即時通訊技術（如 WebSocket、gRPC、Netty）。 - 深入理解 分散式系統設計、高併發與低延遲架構。 - 具備 Docker 容器化與微服務部署經驗。 - 熟悉 AWS 雲端環境（ECS / EKS / EC2 / S3 / RDS / Lambda / CloudWatch）。 - 具備 SQL（MySQL / PostgreSQL） 與 NoSQL（Redis / MongoDB） 使用經驗。 - 熟悉多執行緒、非同步,https://www.104.com.tw/job/8wu9c
104人力銀行,2026-05-31,A- DevOps Engineer (Global Project),緯創軟體股份有限公司,未公開 / 面議,新北市汐止區,新北市汐止區,5年以上,大學、碩士,,軟體工程師,"We are seeking an experienced DevOps Engineer to join our team on a contract basis. The primary focus of this role will be to modernize and migrate our legacy CI/CD pipelines from Jenkins to GitLab. Our core application is built in Java, and you will work closely with our California-based engineering team to ensure a smooth transition and ongoing pipeline optimization. Key Responsibilities • Analyze existing Jenkins pipelines and design equivalent or improved workflows in GitLab CI/CD. • Lead the migration of legacy build, test, and deployment processes from Jenkins to GitLab. • Collaborate with development and QA teams to ensure seamless integration and minimal disruption. • Optimize CI/CD processes for efficiency, reliability, and scalability. • Document new pipeline processes and provide knowledge transfer to internal teams. • Troubleshoot and resolve issues related to build automatio",https://www.104.com.tw/job/8zmzm
104人力銀行,2026-05-31,T－（AI）全端工程師 （新竹）,緯創軟體股份有限公司,未公開 / 面議,新竹縣寶山鄉,新竹縣寶山鄉,2年以上,大學以上,Excel、Microsoft Azure,全端工程師,"※職務內容 【TQSD 機台品質系統部】 1. 廠設備資產管理平台，進機掃毒系統自動化整合 2. 強化/重構既有工廠設備資產管理平台 3. 透過New Technology (k8s,CI/CD, Prometheus,…)開發並加強平台監控與管理機制 ※職務需求 1. 對 Cloud Native 軟體開發和維運具熱忱，熟悉或有興趣學習 Kubernetes、Azure CI/CD、MERN、Prometheus 等平台。 2. 須具備至少一種程式語言的經驗(C/C++, JAVA, Python, TypeScript/JavaScript......) 3. 常用資料庫技術(Cassandra、MariaDB、MinIO、Oracle) 4. 有container and cloud-native solutions的經驗 5. 具備全端網頁應用開發經驗，並熟悉大型軟體應用的開發。 6. 熟悉 TCP/IP 通訊協定和資安知識。",https://www.104.com.tw/job/8oyoi
104人力銀行,2026-05-31,【擴編招募】JAVA遊戲伺服器後端工程師★高薪挑戰｜成長團隊★,梵奧科技股份有限公司,"月薪 NT$30,000 ~ 50,000",雲林縣斗六市,雲林縣斗六市 民生南路6號,1年以上,高中,Git、C#、Java、Python、MS SQL、MySQL、IIS,軟體工程師,1.依照需求定義系統的功能和性能，規劃完整流程，撰寫系統規格書，選擇合適的開發模型和方法。 2.使用 Java、C#、Python 程式語言和 MySQL 資料庫，根據系統規格書，設計和實現後端系統和應用程式，包括資料庫、API、邏輯層等。 3.對開發的系統和應用程式進行各種測試，如單元測試、整合測試、系統測試、壓力測試等，確保系統的功能和性能符合需求和規格，並修復發現的缺陷。 4.優化維護已經建置完成的系統，系統異常狀況排除，確保系統的穩定性、可擴展性和高可用性。 5.使用MySQL、MSSQL關聯式資料庫設計、開發和管理資料庫系統，串接資料產匯統計報表，優化資料庫的效能、安全性和可靠性，解決資料庫的問題和故障。 6.與其他開發人員和團隊成員合作，提供資料庫的技術支援和建議。 7.使用SVN管理和追蹤應用系統的結構，以便於團隊協作、變更追溯和安全部署。 8.系統安裝與環境設定 (Windows Server、JAVA JDK、MYSQL Server、SQL Server、IIS、Vmware、PVE、SVN)。,https://www.104.com.tw/job/8jtum
104人力銀行,2026-05-31,【擴編招募】JAVA遊戲伺服器後端工程師助理★高薪挑戰｜成長團隊★,梵奧科技股份有限公司,"月薪 NT$30,000 ~ 50,000",雲林縣斗六市,雲林縣斗六市 民生南路6號,1年以上,高中,Git、C#、Java、Python、MS SQL、MySQL、IIS,軟體工程師,1.依照需求定義系統的功能和性能，規劃完整流程，撰寫系統規格書，選擇合適的開發模型和方法。 2.使用 Java、C#、Python 程式語言和 MySQL 資料庫，根據系統規格書，設計和實現後端系統和應用程式，包括資料庫、API、邏輯層等。 3.對開發的系統和應用程式進行各種測試，如單元測試、整合測試、系統測試、壓力測試等，確保系統的功能和性能符合需求和規格，並修復發現的缺陷。 4.優化維護已經建置完成的系統，系統異常狀況排除，確保系統的穩定性、可擴展性和高可用性。 5.使用MySQL、MSSQL關聯式資料庫設計、開發和管理資料庫系統，串接資料產匯統計報表，優化資料庫的效能、安全性和可靠性，解決資料庫的問題和故障。 6.與其他開發人員和團隊成員合作，提供資料庫的技術支援和建議。 7.使用SVN管理和追蹤應用系統的結構，以便於團隊協作、變更追溯和安全部署。 8.系統安裝與環境設定 (Windows Server、JAVA JDK、MYSQL Server、SQL Server、IIS、Vmware、PVE、SVN)。,https://www.104.com.tw/job/898a1
104人力銀行,2026-05-31,T－（電子／科技／半導體）Java工程師（新竹／台中／台南）,緯創軟體股份有限公司,未公開 / 面議,新竹市,新竹市,2年以上,大學以上,Java、HTML、CSS、JavaScript、C#、Python、MS SQL、jQuery、Angular、JSP、DB2、Oracle,軟體工程師,"※職務內容 1. 執行相關電子、科技、半導體產業客戶的軟體開發/維護專案。 2. 依不同的專案系統與所需技能分派執行專案項目。 (如：設備資訊維護系統/ SiView、MES 製造系統/財務相關系統…等) ※職務需求 1. Java（Spring Boot 為核心框架） 2. 前端： HTML、CSS、JavaScript、jQuery、JSP、Vue、Angular、React、 3. 後端：Python、Golang、VB.NET、C# 4. 資料處理：Oracle、 DB2、MongoDB、MS SQL ※加分技術 1. Docker & Kubernetes 2. Git 3. 熟悉 Linux OS/network/bash script 4. 熟悉平台 : Azure CI, Rest API, Kubernetes, or docker經驗 5. 熟悉 Nest.js 框架 若您的軟體專案技術擅長上程式語言，或會其中一項後端即可投遞履歷。",https://www.104.com.tw/job/8ozdr
104人力銀行,2026-05-31,Flutter APP 工程師（監控系統 / 智慧醫療）,新誼整合科技股份有限公司,"月薪 NT$52,000 以上",台北市內湖區,台北市內湖區 新湖二路128號3樓,2年以上,大學以上,,iOS工程師、Android工程師、前端工程師,【公司簡介】 新誼整合科技創立於 2002 年，隸屬新光保全事業群，長期深耕安全產業、銀行業及流通業，提供數位監控、門禁管理及各產業 e 化資訊平台。核心產品涵蓋 NVR 監控系統、服務型機器人、智慧醫療系統，服務對象遍及全台保全、銀行及醫療院所。 【工作內容】 1. 使用 Flutter 框架開發及維護 Android / iOS 雙平台應用程式，涵蓋監控、醫療、機器人控制等多元場域，確保高穩定度與流暢的使用者體驗。 2. 負責影像監控功能開發，包含 NVR / IPC 設備 SDK 串接、RTSP 串流拉取、即時畫面顯示、多路影像切換、事件通知與斷線重連機制。 3. 依專案需求參與智慧硬體設備串接開發，如醫療儀器、服務型機器人、顯示裝置等第三方硬體的 APP 控制介面與通訊整合。 4. 與後端工程師協作，設計 RESTful API 串接規格，實作非同步資料處理與設備狀態監控。 5. 負責 APP 架構規劃、維護程式碼品質。 6. 配合 PM 及硬體工程師進行需求分析，確保產品符合企業級場域的高穩定性與可靠性要求。 7. 維護既有系統、排查異常問題，持續進行效能優化與版本迭代。 【必要技能】 1. 主力框架Flutter / Dart，具備跨平台 APP 開發及上架（App Store / Google Play） 2. API 串接具備 RESTful API 串接、JSON 資料處理，有透過 Platform Channel 介接原生模組的實務經驗。 3. 版本控制熟悉 Git，具備團隊協作開發流程經驗。 【加分項目】 1. RTSP / ONVIF 協議經驗：有過 RTSP 串流串接或 ONVIF 設備相容性評估的實際案例 2. 監控 SDK 整合經驗。 3. IoT / 嵌入式系統整合：有與硬體設備通訊、低階 SDK 整合或 IoT 平台串接的背景。 4. 原生開發基礎：具備 Android（Kotlin/Java）或 iOS（Swift）原生開發基礎，可協助 Platform Channel 除錯者。,https://www.104.com.tw/job/90nbw
104人力銀行,2026-05-31,"全端資料工程師（資料平台） Full Stack Engineer (Data Platform)(台南優先,台中)",葳誠科技有限公司,"月薪 NT$70,000 ~ 100,000",台南市善化區,台南市善化區 環東路二段33號,不拘,大學以上,Cloud、AWS、SOAP、Java、Python,數據分析師／資料分析師、全端工程師、AI工程師,"【職務說明 Position Summary】 中文： 我們正在尋找一位以資料平台為核心的全端工程師駐點在外商客戶端，負責開發與維運雲端資料平台及相關Web服務。此職位著重於 Databricks、SCM資料倉儲、資料分析/探勘與系統整合，同時亦需參與AWS平台的穩定性與優化。 此職位並非純前端角色，而是結合資料工程、後端開發與系統維運的混合型角色。我們期望候選人具備扎實工程能力、實務交付經驗，並能善用AI輔助開發提升效率與品質。 English： We are looking for a Data Platform–oriented Full Stack Engineer (Contractor) to develop and support cloud-based data platforms and web services. This role focuses on Databricks, SCM data warehouse, data analytics/mining, and system integrations, while also supporting AWS platform stability and enhancements. This is a hybrid role combining data engineering, backend development, and production support. Candidates should demonstrate strong engineering fundamentals, hands-on delivery capability, and the ability to leverage AI-assisted development practices. 【主要職責 Key Responsibilities】 使用 Databricks 開發與維護資料處理、分析與探勘應用 理解並支援 SCM 資料倉儲與資料模型 設計與開發雲端 Web Services / APIs（RESTf",https://www.104.com.tw/job/90phw
104人力銀行,2026-05-31,資安工程師（滲透測試）,中華資安國際股份有限公司,"年薪 NT$800,000 ~ 1,200,000",台北市中正區,台北市中正區 杭州南路一段26號8樓,1年以上,大學以上,Linux、Windows Server 2012、iOS、Android、MS SQL、MySQL、Oracle、PostgreSQL、Microsoft Exchange、Microsoft SharePoint、Citrix、Tomcat,資安工程師,中華資安國際是中華電信集團子公司，自2003年開始資安業務，現為國內頂尖資安公司，唯一多年評鑑A級、客戶指名度最高，同時擁有紅隊與藍隊能力，涵蓋面向最廣，跨足領域多元，包含：Web、行動App、雲端、工控、IoT檢測、無人機...等，至今發表CVE漏洞超過60個。在這裡，你將可以和一群經驗豐富的高手合作交流，團隊具有OSCP、OSEP、OSWE、OSWP、CRT、LPT、GWAPT等證照，且多數為講師等級，我們具有歡樂的工作氛圍、重視生活平衡，入職享有電信集團優惠、生日假、績效獎金、福委會活動等多元福利。擁有一身好武功卻無處發揮？加入我們吧！ 我們正在找尋滲透測試高手，需具備一般/進階檢測技術能力，勇於嘗試各種可能性不怕失敗的抗壓性，良好的時間管理能力。工作目標是幫助我們客戶找出目標網站的弱點，提供修補建議與專業諮詢，讓客戶可以逐年降低企業的資訊安全風險。工作項目包含：滲透測試/源碼檢測/APP檢測/IOT設備檢測： *你需要透過搜尋引擎及資訊蒐集工具，蒐集目標公開資訊、服務、網站架構、系統及軟體版本。 *你可能需要逆向分析APK/IPA，利用除錯工具搜尋重要資訊，找出常見前端與後端伺服器常見弱點。 *你需要熟悉的操作商用弱點掃描工具(如:Nessus、Nexpose、Acunetix、Webinpsect、Fortify、BurpSuite)，閱讀檢測報告，找出常見網頁、應用程式與服務程式弱點。 *你需要手動驗證弱點影響程度，包含SQL Injection、Cross Site Scripting、弱密碼、權限跨越、敏感資訊洩漏、商業邏輯、任意上傳下載、任意程式碼執行。 *你需要面對客戶講解滲透測試修補建議，偶爾需要根據程式語言、作業系統找尋合適修補建議。 *這份工作時常出差(每年3-5個月)，地點以北北基宜桃竹為主。 *你需要因應滲透目標的商用產品、開發環境、語言框架，研究合適的攻擊手法。 滲透能力要求： *你需要熟悉NAT與Bridge特性、Winodws/Linux作業系統特性、常見伺服器語言與作業系統關係。 *你需要如何設定靜態或動態IP、探測路由是否暢通、探,https://www.104.com.tw/job/805aq
104人力銀行,2026-05-31,軟體開發工程師,致富寶股份有限公司,"月薪 NT$500,000 以上",台北市內湖區,台北市內湖區 新明路,不拘,大學、碩士,ASP.NET、C#、Java、MS SQL、HTML、JavaScript、Angular、Python、J2SE、CSS、Android、iOS,軟體工程師、通訊軟體工程師、Internet程式設計師,1.歡迎肯學習具企圖心之新鮮人。 2.負責程式撰寫，對以下其中一種有興趣或熟悉 C#，Angular：網頁程式、後端程式開發。 JAVA J2se：後端程式開發。 iot應用程式 ：使用JAVA開發。 Android，iOS APP開發。 Python or R：開發數據分析功能。 AI應用：消費行為，營業使用行為。 3.維護產品與專案。 4.協助研發軟體新技術與新工具。,https://www.104.com.tw/job/5ijap
104人力銀行,2026-05-31,全端軟體開發工程師 - 台中,貴思科技股份有限公司,"月薪 NT$50,000 以上",台中市西區,台中市西區 忠明南路270號18樓之1,3年以上,大學以上,MySQL、Angular、jQuery、JavaScript、J2EE、AWS、WebSphere、Tomcat、Oracle、MS SQL、Spring、Java,軟體工程師、系統分析師,工作職責： 1. 負責使用 Java 語言進行網站和應用程式後端 API 服務的設計與開發。 2. 根據專案需求，提供架構設計方案及技術解決策略。 3. 進行Hybrid App、Web前端應用程式設計與開發。 *提供每週一天的遠端工作彈性。 技能要求： 1. 具備出色的溝通能力和團隊合作精神。 2. 精通 JAVA EE 架構、RESTful API 開發、JUnit 測試、關聯式資料庫設計（Oracle尤佳）、SQL 語言及 GIT 版本控制。 3. 至少三年以上的 Java後端開發經驗，具備微服務架構和 Spring Boot 開發經驗者尤佳。 4.至少一年以上的前端框架(Angular/Vue/React)開發經驗，具備微服務架構和 Spring Boot 開發經驗者優先考慮。 5. 具備持續整合和持續部署（CICD）經驗，有使用過 Bitbucket/Github、Bamboo/Jenkins 等工具者優先。 6. 熟悉主流AI工具使用方式，e.g. Claude Code CLI、Codex、github Copilot CLI等 加分條件： 1. 擁有構建雲原生應用程序的經驗。 2. 有大型分散式服務開發經驗。 3. 擁有 OCP、GCP、AWS、Azure 技術認證或相關雲端服務經驗。 4. 曾參與銀行系統開發者尤佳。,https://www.104.com.tw/job/8fepr
104人力銀行,2026-05-31,資訊系統工程師,安葆國際實業股份有限公司,未公開 / 面議,新北市新店區,新北市新店區 北新路三段207-5號 5樓,2年以上,大學、碩士,C#、ASP.NET、SAP、JavaScript,營運管理師／系統整合／ERP專案師、系統工程師,1.負責 ERP、BPM、HR 等企業系統之功能開發、維護與優化。 2.執行 ERP（SAP Business ByDesign）客製功能開發與報表設計。 3.規劃與開發系統 API／Web Service 介接及跨系統資料整合。 4.使用 Java、ASP.NET（C#）開發 Web 應用程式及後端功能。 5.維護與優化資料庫結構、資料同步及系統效能。 6.協助各部門進行需求訪談、系統分析及技術可行性評估。 7.執行系統測試、異常排除、權限管理及日常維運作業。 8.撰寫系統文件、操作手冊及協助建立開發與版本管理流程。 9.協助 IT 基礎 MIS 與資訊系統相關技術支援工作。,https://www.104.com.tw/job/8xfla
104人力銀行,2026-05-31,AI軟體工程師,誼山精機股份有限公司,未公開 / 面議,桃園市平鎮區,桃園市平鎮區 中豐路南勢二段460巷88號,2年以上,大學、碩士,,系統分析師、Internet程式設計師、MIS程式設計師,1. 負責撰寫並維護應用系統，包括前端與後端開發 (C#、Python) 2. 資料庫程式設計與整合 (MSSQL、Oracle、PostgreSQL等資料庫) 3. Linux、Windows系統部署與環境建置（Docker 等） 4. 維護Web (Java script、JQuery、HTML 5、CSS等) 5. 串接大型語言模型（LLM）與相關人工智慧服務 API 6. 參與系統架構設計與技術討論，持續優化開發流程與產品效能,https://www.104.com.tw/job/8tcl8
104人力銀行,2026-05-31,HQ－全端應用系統工程師（汐止總部）,緯創軟體股份有限公司,未公開 / 面議,新北市汐止區,新北市汐止區 新台五路一段93號32樓,5年以上,大學以上,Java、AngularJS、Spring、MySQL、Git、CSS、JavaScript,軟體工程師,此職缺為集團資訊總部核心工程職務，負責內部關鍵營運管理系統之開發、優化與技術規劃，非駐點性質工程師。我們希望找到一位具備全端能力、能獨立思考與規劃系統架構的工程師，與使用者討論需求並持續優化既有系統流程。 【工作內容】 1. 負責集團內部營運管理系統之開發與維護（Web-based 應用） 2. 使用 Java / Spring Boot 建構後端服務 3. 使用 Vue 或 AngularJS 開發前端功能 4. 設計與優化 MySQL 資料庫結構與查詢效能 5. 參與系統架構設計與技術選型 6. 與使用單位訪談需求，進行需求分析與功能規劃 7. 與 DevOps / Infra 團隊協作，配合 Docker 及 CI/CD 部署流程 8. 導入與應用 AI 工具提升開發與維運效率 9. 使用 n8n 或相關工具進行流程自動化整合 10. 持續優化系統效能與使用者體驗,https://www.104.com.tw/job/8zp1t
104人力銀行,2026-05-31,前端/後端/全端 軟體工程師,昜碩科技股份有限公司,"月薪 NT$43,000 ~ 55,000",台中市西區,台中市西區 福人街11號,不拘,大學以上,Linux、Mac OS、OS X、Android、iOS、C#、Java、PHP、Objective-C、SWIFT、HTML、JavaScript,通訊軟體工程師、韌體工程師、軟體工程師,APP開發維護 軟體： 熟Android/iOS(Objective-C/Swift...) SDK、JAVA web前端： javascript、CSS、json、PHP 或懂 jQuery、AJAX. 其他基本：Linux基本知識、MySQL 熟悉維護電腦系統效能，維持其系統正常運作及除錯。 懂網站系統架構維護與更新 懂網站系統開發語言程式設計(PHP. ASP. NET. HTML5. Javascript. JQuery. Ajax) 熟悉資訊網路系統 資訊設備管理 上面專長.熟悉全部或部分亦可,https://www.104.com.tw/job/8q20p
104人力銀行,2026-05-31,Java資深程式設計師,奕科有限公司,"月薪 NT$55,000 ~ 85,000",台北市中正區,台北市中正區 (近中正紀念堂捷運站),6年以上,專科、大學、碩士,Java、Spring、Oracle,軟體工程師,1. 依系統分析師提供之需求與規格，開發與維護政府機關應用系統相關之 Java Web 應用程式。 2. 使用 Java + Spring MVC（如 Spring Framework / Spring Boot MVC）實作後端業務邏輯、Controller、Service、DAO 等分層程式。 3. 開發與維護畫面／API 功能，如：申請、資格查詢、審核流程、試算、歷史紀錄查詢等。 4. 撰寫並維護與資料庫存取相關之程式碼，撰寫 SQL，配合同組資料庫工程師進行效能調整。 5. 配合系統整合測試與使用者驗收測試（UAT），進行問題分析、除錯與修正。 6. 撰寫必要技術文件，例如程式設計說明、介面說明及操作說明。 7. 依專案時程，配合同組成員（SA、前後端工程師、測試人員）完成指定任務。,https://www.104.com.tw/job/8wltx
104人力銀行,2026-05-31,AI 電腦視覺工程師 (AI Computer Vision Engineer),絕地軟體股份有限公司,未公開 / 面議,台北市信義區,台北市信義區 松仁路101號7樓,3年以上,大學以上,,資料科學家、資料工程師、軟體工程師,【工作職責】 影片內容智慧分析： 運用大型多模態視覺語言模型（如 Gemini、Qwen、Claude 等 VLM），對影片輸入進行自動化內容理解，包含行為辨識、合規性判定、關鍵事件偵測與語意標記。 影片前處理與資料工程： 設計影片擷取、分段、關鍵幀提取等前處理流程，將原始影片轉化為適合多模態模型分析的格式，並將輸出結果轉化為結構化分析數據（Structured Data）。 多模態 AI 應用開發： 整合 VLM API 與 Prompt Engineering 技術，建構影片摘要、語意搜尋、關鍵片段合成等應用場景，持續優化模型輸出品質與效率。 雲端架構與自動化流程： 基於 AWS 雲端服務（如 S3、Lambda、SageMaker、Bedrock 等）構建可擴展的影片處理與 AI 推論管線，並建立高效的 CI/CD 與數據處理自動化流程。 系統整合與效能優化： 針對大量影片處理需求，優化 API 呼叫策略、成本控管與系統延遲，確保整體服務的穩定性與可擴展性。 【必備技術條件】 雲端平台： 熟悉 AWS 雲端服務架構（S3、Lambda、SageMaker、Bedrock、EC2 等），具備建構雲端 AI 推論管線的實務經驗。 多模態 AI 模型： 具備使用 Gemini、Qwen、Claude 或其他 VLM API 進行影片/影像理解的實際應用經驗，熟悉 Prompt Engineering 與模型輸出優化。 程式語言： 具備程式(Kotlin or Java or Python)開發能力，能獨立開發影片前處理、API 整合與數據處理流程。 影片處理： 影片編解碼、幀提取、格式轉換等基礎影片處理技術（如 FFmpeg、OpenCV）。 開發環境與工程能力： 熟悉 Linux 作業系統、Docker 容器化技術及版本控管工具（Git）。 【加分項目】 具備 RAG 架構設計或向量資料庫應用經驗。 具備基礎的物件偵測或電腦視覺概念（不需自行開發模型，但能理解原理有助協作）。 【我們期待的特質】 優秀的溝通能力，能與跨部門團隊有效協作。 樂觀積極的工作態度，樂於面對挑,https://www.104.com.tw/job/8y9u0
104人力銀行,2026-05-31,Java 開發工程師 (工作地點:高雄),昊聲訊息技術有限公司,"月薪 NT$30,000 ~ 55,000",高雄市三民區,高雄市三民區 博愛一路189號7樓之1,不拘,大學、碩士,C#、Java、MS SQL、Oracle,MES工程師、MIS程式設計師、軟體工程師,1.承接系統分析需求，進行產品與專案客製的程式開發與維護。 2.負責專案程式診斷與問題諮詢。 3.負責系統程式編譯，系統架設，系統版更。 4.客戶系統問題診斷與排除,https://www.104.com.tw/job/6drzy
104人力銀行,2026-05-31,Java 工程師,主向位科技股份有限公司,"月薪 NT$35,000 ~ 65,000",台北市內湖區,台北市內湖區 洲子街60號8樓,不拘,大學、碩士,Java、MS SQL、Excel、Outlook、Word,軟體工程師、電子工程師、光電工程師,1.負責Java程式開發. 2.研發光纖/通訊相關產品SNMP/EMS/NMS網管程式,https://www.104.com.tw/job/22fct
104人力銀行,2026-05-31,Java／Kotlin 程式工程師（AI 協作 / Full-stack Mindset）,絕地軟體股份有限公司,未公開 / 面議,台北市信義區,台北市信義區 松仁路101號7樓,不拘,大學以上,Kotlin、Java、PostgreSQL、Git,軟體工程師,【工作內容】 1. 使用 Java 或 Kotlin（Spring Boot） 開發與維護後端服務與 RESTful API 2. 設計資料結構並串接 PostgreSQL / MySQL（基本 schema 與 SQL） 3. 與前端、PM 協作釐清需求，確保 API 介面好用、穩定、可擴充 4. 撰寫必要測試與技術文件，確保可維護性與交付品質 5. 參與 Git Flow / Code Review / CI/CD，協助處理 production issue 6. 可透過 AI 工具/Agent 協助完成簡單前端調整或頁面串接（不要求精通 React，但需願意學、能看懂並修正） 【必要條件】 3 年以上後端開發經驗（或同等能力） 熟悉 Java 或 Kotlin，具 Spring Boot 實務經驗 熟悉 RESTful API 設計與串接（含基本 auth 概念） 熟悉關聯式資料庫任一：PostgreSQL / MySQL 熟悉 Git 協作（PR、Code Review） 願意使用 AI 工具提升效率，並能對產出品質負責（可讀、可測、可上線） 【加分條件】 Hibernate / JPA、效能調校、觀測性（log/metrics/trace） Docker / CI/CD 經驗 了解前端基本概念（CORS、CDN/cache、基本 React/TS）,https://www.104.com.tw/job/7s22b
104人力銀行,2026-05-31,軟體研發工程師 (Java Engineer),中華資安國際股份有限公司,未公開 / 面議,台北市大安區,台北市大安區 台北市大安區愛國東路 31 號通信大樓 2 樓,2年以上,專科以上,Linux、Git、Java、VueJS,軟體工程師、Internet程式設計師、全端工程師,此職務希望招募優秀人才加入開發、精進與維運本公司之對外銷售軟體系統以及內部資訊系統。 本職缺期望之工作技能如下： 1. 基本的需求訪談、系統分析、系統設計能力 2. 主要接觸技術 (並非全部必要)：Java Spring Framework、Vue.js、Relational Database,https://www.104.com.tw/job/83u49
104人力銀行,2026-05-31,軟體工程師,金瑲國際股份有限公司,"月薪 NT$50,000 以上",台中市龍井區,台中市龍井區 中華路三段1號,5年以上,不拘,Python、Java、JavaScript、PostgreSQL、MS SQL,軟體助理工程師、軟體工程師,一、必要項目： 1. 熟悉至少下列一種程式語言： * Java * Python * .NET (NET Core) 2. 基本 SQL 操作 (增、刪、修、查) 3. 基本 Git 版本控制 (clone、pull、push) 4. 曾參與 Web 程式開發 (請大致說明程式功能及您在專案中的分工) 二、加分項目： 1. CentOS / AlmaLinux 管理經驗 2. SQL Server / PostgreSQL 資料庫管理經驗 3. 附作品集或 GitHub 4. Docker 基本技能,https://www.104.com.tw/job/8x7t1
104人力銀行,2026-05-31,軟體應用工程師,萊斯科技有限公司,未公開 / 面議,台北市中山區,台北市中山區 三創生活園區,不拘,專科、大學、碩士,Java、Python、MS SQL、HTML,系統工程師、業務支援工程師、FAE工程師,‧與團隊共同執行專案建置、測試及維護 ‧提供客戶即時性技術支援，為客戶的技術問題尋找具有創造力及節省時間的解決方案 ‧擔任系統維運教育訓練講師、支援各式活動並講解公司的系統產品 ‧處理日常系統產品檢測故障排除，回覆客戶應用技術的問題、回饋給相關單位 ，並提供產品技術諮詢 ‧熟悉 JAVA & Python 編程語言， 有大型項目架構經驗優先 ‧營運系統使用相關文件撰寫及維護,https://www.104.com.tw/job/5usrs
104人力銀行,2026-05-31,MIS 程式設計師,中華資安國際股份有限公司,未公開 / 面議,台北市大安區,台北市大安區 愛國東路 31 號通信大樓 2 樓,不拘,大學、碩士,Java、PHP、Node.js,MIS程式設計師、後端工程師,此職務將與團隊其他成員共同負責本公司相關資訊系統導入、建置、開發等作業，此職務會需要投入的工作內容包括： 1. 現行ERP上相關之流程模組機制優化與維護 2. 現行電子簽核系統之維護與優化 3. 協助公司其他團隊評估資訊化需求，測試與導入建置系統 4. 相關流程文件與說明文件撰寫、維護 我們希望你能夠有以下的工作技能： 1. 具備資訊系統開發與維護經驗(程式語言： Java、Node.js 或 PHP 擇一) 2. 具備Git相關版控操作經驗 3. 具備基礎關聯式資料庫(例如： MySQL、PostgreSQL)之使用經驗 如果你有以下經驗，會是非常大的加分： 1. 具備ERP系統導入 或 維護之經驗 2. 參與過ISO 27001/27701之標準導入與日常流程執行之經驗 3. 具備資安技術、管理等證照 我們團隊希望能透過技術的實現，來支持組織運行各項行政流程更便利，如果你跟我們一樣是追求技術創新，對於可以透過技術實現幫助很多人，歡迎你加入我們！,https://www.104.com.tw/job/7meew
104人力銀行,2026-05-31,軟體應用工程師助理,萊斯科技有限公司,未公開 / 面議,台北市中山區,台北市中山區 三創生活園區,不拘,專科、大學、碩士,Java、Python、MS SQL、HTML,系統工程師、業務支援工程師、FAE工程師,‧協同團隊共同執行專案建置、測試及維護 ‧協同系統應用工程師提供客戶即時性技術支援，為客戶的技術問題尋找具有創造力及節省時間的解決方案 ‧協同系統應用工程師擔任系統維運教育訓練講師、支援各式活動並講解公司的系統產品 ‧協同系統應用工程師處理日常系統產品檢測故障排除，回覆客戶應用技術的問題、回饋給相關單位 ，並提供產品技術諮詢 ‧熟悉 JAVA & Python 編程語言， 有大型項目架構經驗優先 ‧營運系統使用相關文件撰寫及維護,https://www.104.com.tw/job/8igoy
104人力銀行,2026-05-31,【上網資安】SRE/DevOps工程師,中華資安國際股份有限公司,"月薪 NT$40,000 ~ 65,000",台北市中正區,台北市中正區 杭州南路一段26號8樓,不拘,專科以上,Java、PHP、Python,軟體工程師,"中華電信關係企業，負責規劃建置中華電信MSSP服務(參考本公司官網上網資安項目 https://www.chtsecurity.com/) 1. 負責設計與建置API伺服器，串接前端與後端主機。 2. 負責維護現有系統的程式碼，若系統有重大bug或漏洞需偕同廠商做修正。 3. 負責透過應用系統提高MSSP服務整體效能與可用度。 4. 依SLI設計對應層級的告警，並進行監控告警機制優化作業以符合MSSP服務的SLA。 5. 負責設計與實現MSSP服務異常偵測與自動化處理方案。 6. 災難復原策略擬定，導入自動化備份與版本控制。 7. MSSP服務導入DevSecOps，確保系統無重大資安漏洞。 8. 協助導入container 技術，提高主機部署效率並提升資源的使用率。 9. 協助建置自動化CI/CD流程。 此職務不需要具備深厚的資安背景，我們歡迎對於資安有興趣，以及有學習熱忱的人才加入我們團隊！ 我們希望您能夠具備以下的技能、經驗與知識： 1. 熟悉 Linux 指令操作及問題查測，了解基本 Linux 系統底層如何運作。 2. 熟悉監控系統(Ex: Zabbix)。 3. 熟悉 Linux shell script。 4. 使用並熟悉相關DevOps工具。 5. 具備CI/CD流程建設和優化經驗，理解Docker、Git 和持續集成的基本概念。 6. 熟悉RESTful API的設計與整合實作。 加分項： 1. 熟悉多個Scripting/Programming 語言，例如： Bash Shell script, JAVA, Python, Perl...等。 2. 具備使用MVC框架實作Web應用服務/系統的經驗 3. 具備資安相關背景或證照，例如： CEH、CHFI、ECSA...等。 4. 具備DevOps的相關工具運用經驗(Ansible, Chef, Drone CI, Jenkins, Git flow, IM bot)。 5. 具備基礎前端程式修改及維護能力，例如：html, javascript, jQuery, css。",https://www.104.com.tw/job/8a9a2
104人力銀行,2026-05-31,韌(軟)體設計/開發工程師,昜碩科技股份有限公司,"月薪 NT$45,000 ~ 60,000",台中市西區,台中市西區 福人街11號,不拘,大學以上,Linux、Mac OS、OS X、Android、iOS、C#、C++、Java、PHP、Visual Basic、LabVIEW、Objective-C,軟體工程師、Internet程式設計師、韌體工程師,軟體開發與維護 韌/軟體：擅長C++、Visual basic、Visual basic、Python 樹梅派 LabVIEW 熟悉Android/iOS(Objective-C/Swift...) SDK、JAVA web前端： javascript、CSS、json、PHP 或懂 jQuery、AJAX. 其他基本：Linux基本知識、MySQL 經驗：兩年以上者佳;無經驗可,https://www.104.com.tw/job/8q1jv
104人力銀行,2026-05-31,韌(軟)體/維護工程師,昜碩科技股份有限公司,"月薪 NT$45,000 ~ 50,000",台中市西區,台中市西區 福人街11號,不拘,大學以上,Linux、Mac OS、OS X、Android、iOS、C#、C++、Java、PHP、Python、Visual Basic、LabVIEW,軟體工程師、Internet程式設計師、韌體工程師,韌軟體設計與維護 韌/軟體：熟悉C++、Visual basic、Visual basic、Python . 樹梅派 LabVIEW (Android/iOS(Objective-C/Swift...) SDK、JAVA web前端： javascript、CSS、json、PHP 或懂 jQuery、AJAX. 其他基本：Linux基本知識、MySQL 經驗：有經驗佳;無經驗亦可,https://www.104.com.tw/job/8q1z4
104人力銀行,2026-05-31,軟體工程師,品高企業股份有限公司,未公開 / 面議,雲林縣斗六市,雲林縣斗六市 中南路290巷10-2號,5年以上,大學,Java、C#、鼎新、PHP、鼎基 ERP、Python、MySQL、C、C++、PL/1、Visual Studio、Visual C#,軟體工程師,隨著公司快速成長，我們正在尋找積極主動、樂於學習的軟體工程夥伴加入!透過您的軟體專業實現整合系統功能，只要您熱愛挑戰與技術，歡迎您的加入。 加入我們，你將能： • 在充滿挑戰與多元專案的環境中，發展你的軟體開發技能。 • 用您的專業，實現整合系統功能，與團隊一同解決各種技術挑戰。 如果您想在快速成長的公司中，持續學習、突破自我，這裡就是您最好的舞台！ 工作內容 1. 軟體開發: 具備鼎新COSMOSERP 與Web 系統或軟體系統開發經驗 2. 軟體維護: 維護並優化既有平台（熟悉鼎新ERP） 3. 技術支援: 熟悉至前後端程式語言（如 Java、C#、PHP、Python、MySQL 等） 4. 資料庫開發: 關聯式資料庫（如 MYSQL、MSSQL、PostgreSQL 等） 5. 與硬體工程師配合，進行軟/硬體之測試、修改與維護 6. 進行跨系統整合，確保數據一致性與高效應用,https://www.104.com.tw/job/8x1dv
104人力銀行,2026-05-31,【2026年研發替代役】DDoS攻防研究與攻擊平台研發工程師,中華資安國際股份有限公司,未公開 / 面議,台北市中正區,台北市中正區,不拘,碩士,Linux、Shell、Security、TCP/IP,網路管理工程師、系統工程師、網路安全分析師,工作內容： 1. DDoS攻擊手法與防護模式的研究與實作 2. DDoS攻擊腳本平台開發，並於雲環境佈署攻擊機與控制攻擊腳本 3. 規劃設計AWS雲基礎設施，確保平台的高可用性和性能 4. 針對攻擊撰寫自定義防護特徵碼以有效攔阻攻擊 5. 對LLM有一定了解與相關side project經驗 職缺需求條件： 1. 熟悉網際網路TCP/IP通訊協定相關技術與運作 2. 熟悉任一種程式語言 (如: Python、PHP、Java、Rust、C#、Go...等) 3. 具資訊安全相關知識及技術並對DDoS攻擊手法與防護模式有研究。 4. 需能閱讀原廠原文文件，並有自我學習能力 5. 熟悉OWASP Top 10與Testing Guide、入侵攻擊運作原理與相關技術者尤佳。,https://www.104.com.tw/job/86jgk
104人力銀行,2026-05-31,【2025年研發替代役】SOC系統研發工程師 (Java Engineer),中華資安國際股份有限公司,未公開 / 面議,台北市大安區,台北市大安區 愛國東路 31 號通信大樓 2 樓,不拘,碩士以上,Linux、Java、Python、jQuery、ReactJS、VueJS,軟體工程師、Internet程式設計師、系統分析師,此職務的工作內容： 1. 參與資安相關資訊系統研發 2. 主要接觸技術 (並非全部必要)：Java Spring Framework、Python、Vue.js、ML、ELK、PostgreSQL,https://www.104.com.tw/job/89drn
104人力銀行,2026-05-30,軟體測試工程師 | Manual / Automation Tester,一通數位有限公司,"月薪 NT$50,000 ~ 70,000",台北市內湖區,台北市內湖區 瑞光路288號七樓 (距捷運港墘站約500公尺),2年以上,大學以上,Linux、Python,測試人員、軟韌體測試工程師、軟體工程師,【職務說明】 歡迎熱愛挑戰與學習的你加入我們，一起打造高品質的國際金融科技證券應用系統！ 本職缺開放給具備手動或自動化測試經驗的軟體測試工程師。 你將參與產品從需求到上線的整個測試流程，確保系統穩定、高效與易用，並與跨部門團隊緊密合作，為最終用戶創造優質體驗。 【主要工作內容】 ✔ 主要負責公司技術團隊開發的軟體系統產品功能測試為主 ✔ 撰寫測試項目與測試計畫，並依據產品功能與規格執行測試 ✔ 測試過前後端整合之App、執行各類系統測試：功能、介面、相容性與數值串接測試 ✔ 根據測試結果提出產品優化建議，確保軟體質量符合預定標準 ✔ 發現軟體系統缺陷並即時回報問題追蹤Bug，提供重現步驟與修復追蹤 ✔ 與開發團隊合作，快速準確地識別、報告和追蹤軟體或硬體之缺陷 ✔ 規劃與撰寫測試文件與報告，確保測試成果可追溯且具成效 ✔ 執行軟體的功能、性能測試，穩定性測試、壓力測試和自動化測試，並輸出測試報告 ✔ 建立測試流程，協助團隊交付具備品質與穩定性的產品 【必要條件】 ✔ 至少2年以上軟體測試經驗，可獨立規劃並撰寫測試案例，以及測試報告產出 ✔ 能快速理解系統架構與功能，並獨立規劃測試項目 ✔ 具敏捷式開發基本知識(Agile/Scrum) ✔ 熟悉 API 測試工具 (如 Postman、Swagger 等) ✔ 具備程式撰寫能力 (Python、Java、JavaScript 等) ✔ 熟自動化測試框架 (如 Selenium、Appium、Cypress、Robot Framework 等) ✔ 熟悉 Git 版控工具 ✔ 熟悉關聯式/非關聯式資料庫 (例如MongoDB) ✔ 具效能/壓力測試工具經驗(如 JMeter、Locust 等) ✔ 會使用網路除錯工具 (不侷限) ✔ 良好溝通能力與團隊合作精神，具責任感與主動積極態度與其他RD、user、PM和其他工程師進行跨職能協作，以實現有效解決方案。 【我們希望你是這樣的人】 ✔ 對問題有好奇心、能深入追查並提出具體建議 ✔ 喜歡學習、勇於挑戰新技術與工具 ✔ 重視品質、細節與團隊合作 ✔使用過專案管理、版控或CI/,https://www.104.com.tw/job/7zzwy
104人力銀行,2026-05-30,全端工程師 (Full Stack Engineer - React.js / React Native / Node.js),全景教育股份有限公司,"月薪 NT$50,000 ~ 80,000",台北市松山區,台北市松山區 富錦街8號,2年以上,大學、碩士,Node.js、AWS、ReactJS,軟體工程師、全端工程師、軟體專案主管,【職位簡介】 我們正在尋找一位具備深厚技術實力與解決問題能力的 全端工程師。在這個職位中，你將負責維護與開發核心的前端與後端系統。我們主要的產品包含 AI 留學顧問以及模擬考系統，你將參與從底層架構設計、資料庫優化到前端功能實現的全生命週期開發，並與團隊緊密協作，持續提升軟體品質與使用者體驗。 【工作內容】 系統維運與開發：維護與優化現有以 React Native 與 Supabase 為基礎的桌面端 / 移動端應用。 新功能實作：基於現有架構開發創新功能，並參與產品需求討論與技術可行性評估。 官網維護：負責公司官網的技術維護與調整。 團隊協作：與產品團隊合作規劃開發時程，落實 Code Review 並持續優化開發流程。 【必要條件】 熟悉 React 生態系：具備 1 年以上 React.js 或 React Native 實際開發經驗。 CS 基礎：擁有紮實的資訊科學基礎（資料結構、演算法、設計模式）。 團隊特質：具備優秀的溝通能力與團隊協作精神，重視軟體品質（Clean Code）。 自我驅動：勇於學習新程式語言、新技術框架與開發流程，具備解決模糊問題的能力。 版本控管：熟練使用 Git 進行協作與分支管理。 【加分條件】 熟悉 TypeScript 與 Node.js 開發環境。 熟悉 MySQL 或 PostgreSQL 其中之一，具備良好的 Schema 設計與查詢優化能力。 熟悉 Vue.js 開發。 熟悉 Native iOS (Swift) 或 Android (Kotlin/Java) 開發。 熟悉 CI/CD 自動化建置與部署流程。 具備 AWS 或 GCP 雲端產品使用與部署經驗。 有處理過大規模系統遷移、重構或整併經驗。,https://www.104.com.tw/job/8ujc3
104人力銀行,2026-05-30,SRE/DevOps | 系統維運工程師 (Fintech),一通數位有限公司,"月薪 NT$60,000 ~ 70,000",台北市內湖區,台北市內湖區 瑞光路288號7樓 (距捷運港墘站約500公尺),2年以上,專科以上,Linux,系統工程師、DevOps 工程師、雲端工程師,"工作內容介紹： 我們是香港正規持牌證券商，總公司並於2022年正式於納斯達克上IPO(Nasdaq: TOP)建基於香港的成功商業模式及經驗，我們在台北設立了軟體研發中心，主力開發和完善的證券應用平台系統提供給客戶。 我們正在找正在尋找對DevOps/SRE技術擁有高度熱忱的夥伴, 如果你對於打造流暢、穩定，還能不斷擴充的開發和部署流程充滿熱情，那麼你將是我們團隊中不可或缺的一員。 您會負責相關平台層日常維護與故障排除。其次協助同部門的infra團隊持續研究與改進運維技術與工具，並為產品部門處理運維相關問題與故障排除，以及推行IT規範政策。 -職位簡介- 我們正在尋找一位兼具 DevOps 能力 與 資料庫架構規劃 專長的工程師，加入我們的基礎架構團隊。此職位將負責維運與優化 CI/CD 流程、監控自動化及多雲環境的基礎設施，同時在資料庫設計、效能調校與高可用性架構上提供專業支持。 -主要工作內容- 設計與實作 CI/CD 流程，提升交付速度與品質。 使用 Shell、Python 等腳本自動化日常維運工作 規劃與管理雲端服務器環境架構，分析並解決系統運行問題，提高可用性與擴展性 MongoDB、MySQL 資料庫管理與架構規劃、維運與效能調校 -跨團隊合作- 與前後端開發團隊協作，優化資料存取效率與服務可靠度 與資安團隊合作，確保資料庫與平台安全合規 -任職要求- 具備雲端環境Aliyun、AWS、GCP，實務經驗 (Aliyun 佳) 熟 CI/CD 工具（Jenkins, GitLab CI） 熟 CDN 的原理和設定 具監控與日誌系統（Grafana、Prometheus、Zabbix、ELK）等實務經驗 具容器化經驗（Docker），理解基本的網路與資源配置。 熟 MongoDB、MySQL、Redis、Kafka 等架構與管理，具實際專案經驗. 理解 TCP/IP、DNS、HTTP、SSH、NAT、反向代理、CDN、網路交換與路由原理 具備 Linux 系統操作與基礎網路知識 - Nice to Have- GFW 之解決方案- IaC 工具（如 Terra",https://www.104.com.tw/job/7at0b
104人力銀行,2026-05-30,後端工程師 Back-End Developer - Java (代關係企業徵才）,電電數位股份有限公司,"年薪 NT$1,000,000 ~ 1,250,000",台北市內湖區,台北市內湖區 瑞光路210號8樓,5年以上,大學、碩士,PHP、Spring、AWS、Git、Java、Github、Jenkins、PostgreSQL,儲備幹部、後端工程師,DenDen Inc. 電電數位是一間 SaaS 的新創公司，專注於解决新能源車主「充電焦慮」的充電站地圖的App公司。 我們結合AI 演算法及數據能力，提供充電車主們、企業客戶、電動車生態系以及各類可持續交通運輸服務，提供智慧化的通行解決方案。通過3個 “最準” 打造成全臺最好用、最精準、也最好玩的電動車旅行規劃App。 ϟ 關於這個職位： 我們正在尋找一位充滿成長動能的後端工程師，加入我們充滿活力和創意的團隊！本職位為 DenDen Inc. 策略合作夥伴之代徵職位，專責支援投資夥伴之核心系統開發與技術優化。 這個職位將讓你負責設計並開發高品質的後端資料庫，並與研發部門及產品團隊緊密合作。如果你對解決挑戰充滿熱情，並希望在動態的環境中發揮你的專業技術，同時享有新創與穩定投資企業的雙重資源，你的程式碼將直接影響新能源生態系中，企業端與消費端的關鍵連結，這是你大展拳腳的最佳舞台。 ϟ 你的工作職責： • 熟悉 Java Spring Boot 相關技術，負責設計、開發並維護高效能、高可用性的後端服務。 • 撰寫並維護 RESTful API，確保與前端和其他系統的順利整合。 • 進行系統效能調優與故障排除，確保系統在高流量下穩定可伸縮。 ϟ 我們希望你有： • 5年以上後端開發經驗，熟悉 Java Spring Boot。 • 熟悉 RDBMS 資料庫的架構與操作。 • 熟悉 Git 版本控制，並有雲端平台（如 AWS、GCP）管理經驗。 • 熟悉 RESTful API 整合，並具備大流高併發經驗尤佳。 • 良好的問題解決能力和邏輯思維，能夠清晰表達想法並與他人討論。 ϟ 加分條件： • 熟悉 CI/CD 工具（如 Jenkins、GitLab CI、GitHub Actions），能建立自動化工作流程。 • 具有高流量應用開發經驗，有B端SaaS開發經驗者。 • 熟悉資料庫架構，有性能最佳化調校經驗。 ϟ Why Den Den ，為什麼推薦你加入我們 • 和我們一起推動新能源車與永續出行的未來，打造全臺最智慧、最好玩的 EV 充電與旅行規劃平台。 • 與多元專業的,https://www.104.com.tw/job/902qv
104人力銀行,2026-05-30,軟體工程師,易展數位科技股份有限公司,"月薪 NT$34,000 ~ 60,000",台中市西區,台中市西區 英才路530號17樓之3,不拘,大學、碩士,Java、JSP、MS SQL、Oracle、JavaScript,軟體工程師、AI工程師、系統工程師,1.負責軟體專案程式撰寫以及軟體產品研發。 2.有持續的工作熱忱、主動解決問題的韌性與良好的溝通能力。 3.樂於挑戰前瞻技術，能將新興AI應用轉化為具備想像力與競爭力的軟體功能。 4.需具備Java、JavaScript、JSP程式撰寫能力。 5.具備以下項目尤佳 (1)Eclipse、CodeCharge Studio、Xcode等開發工具使用經驗。 (2)Oracle、MS SQL Server等大型資料庫之設計、優化經驗。 (3)iOS、Android App原生程式開發經驗。 (4)GIS (地理資訊系統) 應用系統開發經驗或 3D 圖資處理能力。 (5)AI開發框架 (如 LangChain、 Llamaindex) 與向量資料庫 (Vector DB) 使用經驗。 (6)持有 Java 相關專業證照(如 OCPJP)。 (7)發表過AI相關研究論文或具備深度學習專案實戰成果。,https://www.104.com.tw/job/6iagj
104人力銀行,2026-05-30,【高雄】遊戲開發工程師,奧爾資訊多媒體股份有限公司,"月薪 NT$30,000 ~ 45,000",高雄市三民區,高雄市三民區 九如一路502號23樓,不拘,專科、大學、碩士,C#、Java、JSP、PHP、MySQL、HTML,軟體工程師、硬體研發工程師、電子工程師,【工作內容】 喜歡遊戲嗎？歡迎一起來寫程式，讓大家玩你建構的遊戲吧！ 我們正在尋找充滿熱情、具備獨立作業能力的你加入團隊。 我們不只是寫程式，而是在打造一個讓玩家上癮的遊戲世界！ 如果你樂於挑戰、擅長解決問題，甚至對遊戲機制有更多創意與想法，加入我們吧！讓你的程式，成為玩家愛不釋手的遊戲體驗！ 工作職責： 1.開發/維護線上網路遊戲專案。 2.完成主管交辦事項及研究項目。 工作技能： 1. 具備Unity / C# / MySQL / Java 相關能力及知識。 2. 能獨立使用程式語言，完成遊戲邏輯實作與測試。 3. 熟遊戲概念以利理解企劃端遊戲概念需求。 加分項目： 1.Shader開發經驗。 2.Game Server開發經驗。,https://www.104.com.tw/job/7rybx
104人力銀行,2026-05-30,資深全端工程師 (Sr. Full Stack Engineer - React.js / React Native / Node.js),全景教育股份有限公司,"月薪 NT$80,000 ~ 120,000",台北市松山區,台北市松山區 富錦街8號,2年以上,大學、碩士,Node.js、AWS、ReactJS,軟體工程師、全端工程師、軟體專案主管,【職位簡介】 我們正在尋找一位具備深厚技術實力與解決問題能力的 全端工程師。在這個職位中，你將負責維護與開發核心的前端與後端系統，並主導舊有系統的整併與重構計畫。我們主要的產品包含 AI 留學顧問以及模擬考系統，你將參與從底層架構設計、資料庫優化到前端功能實現的全生命週期開發，並與團隊緊密協作，持續提升軟體品質與使用者體驗。 【工作內容】 系統維運與開發：維護與優化現有以 React Native 與 Supabase 為基礎的桌面端 / 移動端應用。 系統重構與整合：主導 Vue.js 與 Node.js 舊有系統的整併與程式碼重構，確保系統擴充性與穩定性。 新功能實作：基於現有架構開發創新功能，並參與產品需求討論與技術可行性評估。 架構設計與優化：參與系統架構設計、資料庫（PostgreSQL）建置維護及 SQL 效能調校。 官網維護：負責公司官網的技術維護與調整。 團隊協作：與產品團隊合作規劃開發時程，落實 Code Review 並持續優化開發流程。 【必要條件】 軟體開發經驗：具備 5 年以上軟體開發或軟體團隊管理經驗。 熟悉 React 生態系：具備 3 年以上 React.js 或 React Native 實際開發經驗。 核心技術：精通 TypeScript 與 Node.js 開發環境。 資料庫能力：熟悉 MySQL 或 PostgreSQL 其中之一，具備良好的 Schema 設計與查詢優化能力。 CS 基礎：擁有紮實的資訊科學基礎（資料結構、演算法、設計模式）。 團隊特質：具備優秀的溝通能力與團隊協作精神，重視軟體品質（Clean Code）。 自我驅動：勇於學習新程式語言、新技術框架與開發流程，具備解決模糊問題的能力。 版本控管：熟練使用 Git 進行協作與分支管理。 【加分條件】 熟悉 Vue.js 開發。 熟悉 Native iOS (Swift) 或 Android (Kotlin/Java) 開發。 熟悉 CI/CD 自動化建置與部署流程。 具備 AWS 或 GCP 雲端產品使用與部署經驗。 有處理過大規模系統遷移、重構或整併經驗。,https://www.104.com.tw/job/903yc
104人力銀行,2026-05-30,主任軟體工程師,美克資訊有限公司,"月薪 NT$100,000 以上",台北市信義區,台北市信義區 忠孝東路五段508號11樓之2,5年以上,大學以上,Git、AJAX、JavaScript、jQuery、CSS、AngularJS、VueJS,軟體專案主管、軟體工程師、Internet程式設計師,我們正在尋找志同道合的夥伴，歡迎喜歡挑戰又想擁有可以展現自己平台的你加入我們的行列！ 你需要做什麼? 本職務主要是負責軟體專案的全面規劃、執行和監控，並與內部團隊和客戶保持密切的合作。 - 與客戶進行需求訪談，撰寫相關專案文件、規格說明書。 - 帶領專案團隊，進行工作分配、協助組員開發和排除問題，促進團隊合作和效率。 - 定期與客戶彙報專案進度並保持有效的溝通工作關係。 - 定期向主管彙報專案進度。 - 管控專案進度、檢討專案執行狀況並提出解決方案，確保專案符合時程規劃進行。 你須具備哪些條件? 善於溝通 -本職務需要與內部夥伴、外部客戶進行大量溝通、協調，以利專案進行。 團隊合作精神 -良好的團隊關係是完美專案誕生的重要關鍵。 熟悉Java專案開發 -熟練使用軟體開發工具（如 Git、Java Framework、前框框架技術）且可獨立作業能力。 3年以上專案管理及團隊領導經驗 -我們需要擁有豐富專業經驗的你帶領團隊向前邁進。,https://www.104.com.tw/job/8euil
104人力銀行,2026-05-30,JAVA開發工程師(台北),九六八數位資訊股份有限公司,"月薪 NT$45,000 ~ 100,000",台北市士林區,台北市士林區 中山北路六段88號13樓,3年以上,大學、碩士,Java、Spring、Struts、Oracle、HTML,軟體工程師、全端工程師、後端工程師,1.物流系統(運輸、倉儲)開發 2.熟Java 3.擅Framework：Spring、Struts 、Hibernate 4.有MVC架構經驗者佳 5.熟HTML、Javascript、PL/SQL佳 6.能自行建置規劃開發環境,https://www.104.com.tw/job/8iqle
104人力銀行,2026-05-30,資深全端工程師 Senior Full Stack Engineer（Temple Tech / ERP / IoT）,文玄企業股份有限公司,"月薪 NT$65,000 ~ 85,000",台中市西屯區,台中市西屯區 中清路二段1335號,8年以上,不拘,,全端工程師、軟體工程師、後端工程師,資深全端工程師 Senior Full Stack Engineer（Temple Tech / ERP / IoT） ⸻ 【工作內容】 1. 負責智慧廟務系統全端開發與架構設計（線上點燈、信眾管理、會員系統、查燈導覽、報表分析、點燈、香客、財務、進銷存、功德管理等模組） 2. 前後端整合開發（API設計、資料流設計） 3. 設計高併發系統架構（節慶期間支援 2萬～3萬人同時使用） 4. 串接第三方服務與系統 （銀行金流、LINE、廟務系統、會員平台） 5. 整合硬體設備（光明燈控制系統、查燈導覽機、IoT設備） 6. 系統穩定性與效能優化（快取機制、負載分流、監控與異常處理） 7. 參與產品規劃與技術決策 （AI推薦、智慧點燈、數據分析） ⸻ 【必要條件】 1. 8年以上全端開發經驗 2. 熟悉至少一種後端語言： * Node.js / Java / C# / Python 3. 熟悉前端框架： * Vue / React（至少一種） 4. 熟悉資料庫： * MySQL / PostgreSQL / MSSQL 5. 熟悉 API 設計（RESTful） 6. 具備前後端整合與系統設計能力 ⸻ 【加分條件】 1. 使用AI 開發經驗 2. 有 ERP / SaaS / 電商系統經驗 3. 有高併發系統經驗（搶票、活動報名、電商） 4. 有金流串接經驗（藍新、LINE Pay、銀行API） 5. 有 AWS / GCP 雲端架構經驗 6. 有 IoT / 硬體串接經驗 7. 有 LINE Bot / Messaging API 經驗 ⸻ 【人格特質】 1. 能獨立解決問題，非單純接需求開發 2. 對系統架構與產品有思考能力 3. 能與非技術人員（業務／寺廟端）溝通需求,https://www.104.com.tw/job/91vwi
104人力銀行,2026-05-30,Java資深程式設計師,德耀網通有限公司,未公開 / 面議,台北市中山區,台北市中山區 長春路172號7樓之10,5年以上,專科、大學、碩士,Java、Spring,軟體工程師,1.負責軟體程式撰寫。 2.進行軟體之測試與修改。 3.執行與維護軟體專案開發之任務。 4.有 Spring Boot及資料庫實務經驗。,https://www.104.com.tw/job/925j3
104人力銀行,2026-05-30,【技術發展部】Java Backend Developer / Java後端工程師,奧爾資訊多媒體股份有限公司,未公開 / 面議,新北市板橋區,新北市板橋區 文化路二段285號32樓,1年以上,大學、碩士,RDBMS、MySQL、Git、Spring、Java,後端工程師,★喜歡挑戰、熱愛新技術、想和 Nice 團隊一起完成多元有趣的專案嗎？歡迎加入我們！ ▍我們的特色 ★同事都很 Nice，團隊氛圍佳，專案多元又有挑戰 ★我們不是遊戲開發團隊（放心，進來不用打怪練功），但專案依舊精彩刺激！ ★擁抱生成式 AI，強調自動化與智慧化，讓你專注在真正有價值的創造 ※小提醒：面試會有 筆試與上機考，範圍均在以下技能需求與加分項目中，過程中可以靈 活運用 AI 工具 。目的是展現你如何結合技術與工具解決問題，就看你怎麼發揮 啦！ ▍工作內容 1. RESTful API 新功能設計與開發 2. 資料庫結構設計與優化 3. 舊有程式碼維運、重構與效能調校 4. 協同PM、前端工程師完成專案任務 5. 主管交辦的其他技術相關事項 ▍技能需求 1. 熟悉 Java Spring Boot (Gradle建構) 2. 熟悉 RESTful API 開發 3. 熟悉 RDBMS，MySQL 尤佳 4. 熟悉 Git 版控經驗，GitLab 尤佳 5. 熟悉使用 Postman 進行 API 測 6. 有第三方 API 串接經驗 7. 具備基本前端除錯能力（HTML、JavaScript、CSS ) 8. 熟悉使用生成式 AI 工具（ChatGPT、Gemini、Cursor 等）輔助開發：程式撰寫、 除錯、需求分析與技術研究,https://www.104.com.tw/job/8qrsk
104人力銀行,2026-05-30,數位創發中心-專任職員11名(資訊工程師),臺北市立萬芳醫院-委託臺北醫學大學辦理,"月薪 NT$43,700 ~ 45,900",新北市中和區,新北市中和區 圓通路301號,不拘,大學,ASP.NET、C#、MS SQL、Oracle、Excel、PowerPoint、Word,軟體工程師、Internet程式設計師,"【工作內容】 (1)熟悉資料庫操作(Oracle或MS SQL) (2)熟悉ASP.NET、C#、JAVA、PowerBuilder、WebAPI、HTML5、CSS3、SCSS或其他軟體系統開發經驗者尤佳。 (3)具系統分析設計與程式撰寫能力。 (4)具獨立製作系統相關文件、獨立撰寫程式、開發新功能。 (5)具有研究新技術與工具的熱忱。 (6)可接受輪班制度，工作認真負責，對醫療資訊有興趣者。 【條件】 1.具醫療場域相關工作經驗、程式設計能力、開發經驗及資料庫管理尤佳。 2.對醫療照護及資訊有興趣且願意持續學習新技術與架構。 3.態度積極，參與團隊合作，抗壓性高，擅長溝通協調，具備解決問題的獨立思考能力。 4.熟悉Excel、PowerPoint、Word等文書系統 5.醫療、資訊、醫務管理科系尤佳 【備註】 1.原住民或身心障礙者優先考量。 2.意者請逕上104人力銀行登錄或email履歷/自傳至hrjob@tmu.edu.tw、 lin101343@tmu.edu.tw，並請於主旨欄註明應徵項目(同一職缺請勿重複投遞履歷)。 3. 本職缺由台北醫學大學數發中心統一招募與聘任。 ※薪資已含外加特別津貼(服務滿3個月$5,000)",https://www.104.com.tw/job/8z3s2
104人力銀行,2026-05-30,CDN雲端運維工程師,晟崴科技股份有限公司,未公開 / 面議,台北市內湖區,台北市內湖區 瑞光路583巷31號2樓,3年以上,專科、大學,Firewall、Linux、Excel、HTTP、JavaScript、AWS、MySQL、MS SQL、Java、Python、TCP/IP、ssh,雲端工程師、系統工程師、網路管理工程師,"1.具備超過5年以上系統運維經驗，能夠獨立分析並解決問題。 2.熟悉程式語言(例如 Golang、Python 或 Java) 者尤佳) 3.實際操作過 AWS 服務，熟悉監控系統的使用。 4,具備IaC工具操作經驗，例如 Terraform、Pulumi、Ansible. 5.精通 Linux 指令及 ShellScript. 6.深入了解 Git Flow 概念，並具有實施 CI/CD 工具的實務經驗。 7.具備容器技術(例如 Docker)的實際操作經驗)。 8.熟悉 SQL 及相關指令操作。 9.具有日誌收集與管理系統的實務經驗。 10. 深刻理解 TCP/IP、DNS、HTTP、SSH、NAT、反向代理、CDN、網路交換與路由原理。 11. 具備基本的資訊安全知識與相關實務經驗",https://www.104.com.tw/job/8szsp
